"mc_name","keys","mean","sd","Min","2.5%","25%","50%","75%","97.5%","Max","nsv","Na's"
"test_sensi","BVD, elisa_abs",0.955005664825518,0.00961888732556494,0.932388281116377,0.937506777212958,0.947959717134015,0.955091047397622,0.962343663366965,0.972443342924084,0.978627019196507,1001,0